Protein_Sequence,Age,Sex,Severity,Disease
ITHFYLPAFSPFWGDPSGHKLAGNTRYCEFHWDTKREMTLCNQPSTPARD,69,Female,Severe,Fungal infection
WVMYRKIESHIEDLEMDQGHIPYPKKFCWFRWGVCSKQDSRQRSHMCGMS,32,Male,Mild,Fungal infection
REWMPINKNRFDANWWEACKTINEWMMKMNMSPWATCQFWGGEGCFASPL,89,Male,Mild,Healthy
VEMGCTFRQDMYGYQQINHVWAIKLKNSCFMKEGTDCTWTDVWEEQRNWN,78,Female,Mild,Fungal infection
SPITQWNPCHRMNSLHTPIIRYIKGTHRGMCFIQYDLPFFGMCVMSGHWY,75,Male,Moderate,Diabetes
YHYWKFSKTPWIADRVIINPACNGWRFCESWWKGWKPPRWSDVDVHMICR,41,Male,Mild,Healthy
VDTMQQGKWHPTVQENWVVMNEIHPLYPFDMGQWESPYQLYKYERPDMWG,20,Female,Mild,Healthy
LEVPHNTQDEALISKLNIDRDLEGKTLEVQMPSMTFMSPCNMGQNCHMKY,39,Female,Moderate,Chronic cholestasis
HFLYLVLVGFLCCVPISFRLDMGTANCCNVATTRWCDRLLRHGRVLPLLE,70,Male,Mild,Fungal infection
EDWHFLEGNYHTYAAGIAQMMSIQAMWTPRYVQLPIESHGVSYMLAPFYL,19,Male,Moderate,Chronic cholestasis
QICIGHQAENYLRRTMGTNDSFELVNKVYHGAGLDILNLNNCYWRYIQTT,47,Female,Mild,Gastroenteritis
TPIFSGWRAFMVAQAVMFHYIKPCYVYCHYKKFAVRHSNRWIPLSVNGTG,36,Female,Mild,Allergy
GNKSMQYDMFVQCPRWGSHTHSHYFPHACKSIYINMGRLPKMVKTDQGAC,19,Female,Mild,Healthy
QVEDSVESYTYMQYAQWLDYLMDHDCFQEHIGCTMPPMPKTPYYCVACGV,81,Female,Mild,Gastroenteritis
FCMGCVEFFDYPDYWTAKTLVDINMMQRCTPILAMMALAESKRKNQVTMA,77,Male,Mild,Gastroenteritis
EYYFGSGECLQWLYTPGIPKHPNHRAGWQRPEVADNCGYKDRAGMPKMNY,58,Female,Severe,Diabetes
FDQMWPRCGPWETDTLDMEKRMYMIPADGKGWALPPNSMVNIQRLMDRQK,34,Female,Mild,Allergy
ANSKGIIKWSWPIRTRAIKYTSDPEFPGTKFNLPANAPWSRAPGAPMDGK,75,Male,Mild,Gastroenteritis
PHRMLVYKNQHYTNPANFGFPIIWDDLNWILSQCMLQAHITTPVYVQVYF,39,Female,Moderate,Gastroenteritis
AYCVGHHDDKMFKWHCKNFMNHPCSSSMWCPGHLAQMRLSTSLDAPGLYM,24,Male,Mild,Allergy
EKAQPVAKRQGGQTVEYQMGEEIREGQTMHAVQRRKNHEVTNVASYSHIA,34,Female,Mild,Allergy
HNCGNRRQHADWCPEESFASDANGYLLEMFKSHIDTAPKHVSTETSMSAN,59,Female,Moderate,Gastroenteritis
TSVWFWQQQLLDFNFMHKVTPMNGKIVQCMAHFRPWWQNDFSDIAKHEFW,31,Female,Mild,Allergy
NNLHDPMRNHWRMERKSLQSFYALECTWDLQYWTRNPHGNMNRRGKIWLL,32,Male,Moderate,Gastroenteritis
TCSNQFAMHPSEGLPWMHFIACNKWTLMMLITYSQIRGPDAPDDGMDKFF,79,Male,Moderate,Gastroenteritis
LPTHVHATYEAYGEEMEIVEIQNKEHINEASLMAKFAPFDHICGMYKDNN,79,Female,Moderate,Diabetes
TMVRNSVSTGEIQQVFHKRRYPVSKAGMFREPHGNKNHSIAKNPWCRHVI,64,Male,Moderate,Fungal infection
CAMTMWKFYDNMDQATDVFIMITSFVGACAKFFQHWDSPMGKHLTYGRNK,79,Male,Mild,Gastroenteritis
TNYCMPCPCEAKCAGHRHDLLVECWSFKVMVHYACTGRWFCKEWVDHLEK,68,Male,Moderate,Chronic cholestasis
NFGPWKCVWHEMVLVIIGHVKQHMNHEEAYRASCTHNIDDTTHMVQHDLG,72,Male,Mild,Healthy
RVTVTGENRFTKKKDMVTWIMMQSGQWACSDTSIQSTRVDRIWGMALELN,81,Male,Moderate,Fungal infection
DFQAVWFPPSNESKGYASQLFAKQDDNWDQSSVQDPKWKHIQHFEVVVKQ,20,Male,Mild,Fungal infection
GSMDYDTEKSFFMLSASDDGKEHVYNDEVGAQFLPFWMGKLIAKVQFQYP,68,Female,Mild,Fungal infection
YIKPLFFDEYTNIGWHYPWYMPVSGNQEQYNFFYILWTGLVSTETWWCAH,66,Female,Severe,Diabetes
SECYEWFAFCECYEPHRGQMEDFDVHRNLKWCIGWNDDQKMNFLDSKFVF,38,Male,Severe,Gastroenteritis
FWCFFKKCVYDQEQDDMHPEFHGRTPWMNDDEVVTRSSVPLRTWESYQPS,85,Female,Moderate,Diabetes
CFPYSMKMCHRRFNQKCWSPILGWKCPRQEVVYGRSQMDYNAQNCTVDYR,35,Female,Moderate,Gastroenteritis
VEHVPGMLNTWCFELQIEGWSWGDFVGHQQSAGIEHFGACDCKLVYFYIF,57,Female,Moderate,Diabetes
QDLSQGFQKRSKFRNKIRDSAGVGYGYVTCMFQFQQYAKLMMDLGTGCHL,84,Female,Moderate,Diabetes
RHKASMMRGLTCYCKAICEQPLPKMFEVVKILRSVCNFCGCRYIAIIEQW,31,Male,Mild,Healthy
GCQWDSLATMRVIRIDVVDFAALSKGKHWLRNHAYANTWEIHVTGCGYAF,26,Female,Moderate,Chronic cholestasis
MDGQVDHCGLVWNCFEGWWSGRGCNQEWDPRVWEGLPLMIHHMTAILRVC,64,Female,Moderate,Diabetes
FHFLFIIDWTHSWICSDLFYETMNSIKTPEKWTGALVDPFDYPSMALYQM,19,Male,Mild,Healthy
FMNVMERWVPCFCHWYWRGIDFGPQMDNLKGGCQMWTWICDRRYLDEGHH,33,Male,Mild,Allergy
GWYCDRWVPQKHYSCTPGCPHQYLRDFHMRIIQCSLDYTQILTNFYKIGM,88,Female,Severe,Chronic cholestasis
TVVIEQPAVVQKRCEKNWYVKTMELIDVCWAVWRQQPGGRTTECAQWLGL,71,Female,Severe,Diabetes
ERCHHWNERWDLCFHGGQDEPREISRNPLCGTCHHLRIYEISPEALKPSP,25,Female,Moderate,Fungal infection
SGVRAGSMLHDKPKYKSHTNIIGYSQEEQKRIQTVEACNFCHWHWHTRPR,35,Female,Mild,Allergy
SHKHVWHRQFSMAKGVLVAAQVSNKIWKEFPECPPCVTVMWGSQMRVHHA,37,Female,Mild,Allergy
HIHPQCTWLYHESEGLPRIWHMVTERTRIRTFTADDEVFVFYRDHYACQN,53,Female,Mild,Healthy
WPGMHPTDHIIGRIMHLNLPSYCAFVREPGNSFAKFCMFCNMIRGDAAIF,32,Male,Mild,Allergy
PRHMQWGFEGKDSKDEACAWCDGLEGQLCINYVCAIGWIGSTFTYWHIPH,21,Female,Moderate,Chronic cholestasis
KIKTPRRMCWKIRPQYGCWTQPMVLGIIPPVDHSYCQEHVEIWLIDAYFG,63,Female,Severe,Diabetes
SPDNRQHSIPCHFEIHPDTKFQIAWFQVWNTGDHQWMNECSCHPAGLVFN,51,Male,Moderate,Diabetes
TRFTDLGWWKIAGFVPVNPRPIQFDKAGEEAMDSHYQEEETWWRITKWPT,71,Male,Mild,Fungal infection
KTQSTKSQDRYNTMEEKSFKCWADDSTDENGKMVKRWQPRPNDVLHLIMR,21,Male,Mild,Healthy
DHKWLYNYTDFNYYVHHRNTWVFPSCYTIENTCFEPTHYRDLGNFSGPES,71,Male,Severe,Fungal infection
MVFVYTPKFFNKDTKTHYTNRGIEPRCVQVHWVITEFTYIYCYMSLSIAL,35,Female,Mild,Allergy
AAFYMMYYVQPWVKWFLTGRNMRKIGCMPFYRHLEANYISRFPHEPARHP,35,Female,Moderate,Fungal infection
FWADDSPYMCHWMRIHDSVTWHKQERYEFCGSEGMGGIAAGHDDAVQPGQ,61,Female,Mild,Chronic cholestasis
ICATFKHQPAQHYECQHAFAIFIIRRNFIPITGPLPWTIVQHRDEKTATW,63,Female,Moderate,Diabetes
FRIIMHSRRENGRHQVNCCPYASCDCSHKLALQCEIQNNIPFLVWLTVCI,33,Female,Mild,Allergy
ICTMPWNAARSCFKFHDNCFVHMYDHKFRLRAYTMQTIFNNMVGSLNSPG,31,Female,Mild,Fungal infection
KYCNLVQKNVFQFWNFESFSCGHKYVCLSTWGMHDLLVWQTHSEGWGNHV,65,Male,Mild,Healthy
WSTVIRWYRDMWNLGWKGDRAQHLHTWTTYGYSPCFRYHQGRESALQKNG,32,Female,Mild,Chronic cholestasis
KVKEHYNGIGCYFAFPIGKYTPCPYGVVFTYFGADYNMQKRNDNYFVNPI,89,Male,Moderate,Chronic cholestasis
DSGVDLDDIHFFYRPDANWAYIEWISRMHSVLLEKTGIMYDFKYFYRSDK,79,Male,Moderate,Fungal infection
FNSWDTKVQHEHDKPRSWWFCMSTEHWEPTCAPIMHNHAYTGFHQHRMHY,56,Female,Moderate,Diabetes
TYRHKPGTARNDRNKTTREFDQVSVRAVKALRPTHKVCVKSIFFPQEQIH,70,Male,Mild,Fungal infection
CPNIGPQFRCCPGHDNGYDWASGHFAWWKLKSVVIKASNSMYQRYCLWGV,24,Female,Mild,Allergy
LSWHEQNPCFWSEDWTSHKHHVEHCNRMGKLIKRYETFDSQQLHWSQLSG,43,Male,Moderate,Fungal infection
ELTWRRFRTALWRCKWGEVDQNCYMQHYDLKKKWGKGPRTFAKHHNSRVS,77,Female,Severe,Chronic cholestasis
ANWSIWMKDRDYWNLMTVLFDGMRFTSLEDDMMRECDMGLYEYPFEWCVE,58,Male,Moderate,Fungal infection
AHCRQCPRWIEKWQRKLFYLRDVQQIYLIVNQQKIKPMMDYYDHVEVGAF,72,Female,Severe,Diabetes
SCGAYNFPRWDQVCCQHFGNKQDTKAEVHMSSFHIFYNQIYYWIQYGFIE,32,Female,Mild,Healthy
STTCQVFEHPDAHHRGRREHYEGSAQSNDMLWGMCKTDSRNKFELGLWEY,62,Female,Moderate,Gastroenteritis
VQDFIGQIKRMEMTSMHPRKKTCKHIGESWPYWMIDKYCRWMGYNAMIPP,82,Female,Mild,Fungal infection
LQWNNLYEDNKEHLQEGHPHMLLEMREFIILTGVWFIWMMSHHVRTVFMV,67,Female,Severe,Diabetes
KEEMIYASIHFLWFGVNNSTDDGEMPSRMITHSAHNQVSTNYEANEHLQT,87,Male,Moderate,Diabetes
WMYAKKGMLCSYNPANMPTRCPYVTAGEEQEFDPRNCHYEDMCRCRCASW,18,Male,Mild,Healthy
KVYPMPYCFNDRCRAANFYHMDHERWFKEVVTTLWWGMCAWAQFNDWMDC,25,Male,Mild,Chronic cholestasis
QVLMPGGNAVRLAIAMLKKWIYYTGEIMMEYLCSCCVYGIWMYDHQDSYR,64,Female,Severe,Diabetes
AQPEGHASNHCMWGVYCHDHAKDAYYCKYNSMWHTWERFFYTFERDQPFF,74,Male,Moderate,Diabetes
QEEQTDSKKDVVQLNYQIMTNPTFCTKSCTIKSNLISTGGRAVMTGKDEC,86,Female,Severe,Diabetes
IIVKYVVGIINHTRPEYRNATCSTLPRRAYKSEWQNDHGHTAQWNMSQDS,59,Female,Moderate,Diabetes
FIKGRPTISGEGMFVMLNQHMYWTLVENNTWDEMMMWSMMNQYDLTQTFH,34,Male,Mild,Allergy
EGERMWFGYEQHAGNQTSYWHYYKQEMLDFHYFCDYAFEDNMMRHIEHGA,26,Male,Mild,Allergy
YMDAKQRNCDTTRHAKMHMWKKNGLVSTFTHGRTLIWIAIRCMVVWWQTL,22,Female,Severe,Chronic cholestasis
SALSKIISDEIEFTTSARFAHQGIGCWDKAYICEMCQRPPLRQGVVKAAN,58,Male,Mild,Fungal infection
GRSCEVCFTQATHSKWLPGGDFWVGASWKPELHCFTYSYWQEHSCCFFVN,88,Female,Severe,Diabetes
TWWILAEAAIRGPRQEGAYDCWYFKSFPFWSAAWGTQQTYVWWWIPAPAV,24,Female,Mild,Healthy
YQDSWANLDMPWVWAWVCHPCTRHCFFFRDWEVGENECTHCYDFYWIQTG,89,Female,Mild,Fungal infection
GEQPAHMDTMQKNTVPAEVSTSTLTVYERPQAEPKYVCNNLCFPFKYHPA,29,Female,Mild,Healthy
IIHFYCPKSHYKHKQGMPWPHREGSGMAKLSTWDNTIKSQAFNFHHRHHE,51,Female,Moderate,Fungal infection
FGLSNDGHMGMNYMDNCFFHGYIHWIQASMMYDSFRLFYEYNVEHSAADP,50,Male,Mild,Chronic cholestasis
HWAFEVPCFNQCCDPHFMKGLQIWRRFVSPLCCILAVQSKISQAYASPCS,75,Male,Severe,Diabetes
PFAVHMCMMLDFFTDKYKFACAVTVGKPREWYVMQIHDSKYIRLVTVLDI,74,Female,Moderate,Diabetes
AELEFVIMWNMVPHERNRTLWCVVFMHMFFMANAHFHQIEFMPEQPKYQF,79,Female,Mild,Gastroenteritis
WDHHTFHAYYTHCEFNRGPHSFTMQDAVDSKTVPYQMFKAENWDWICPLR,54,Male,Mild,Healthy
VQRIVYTDCQCIVLVTGGIISPRWVYMNNAIIRCFKIKWHMTVAWCTIEL,61,Male,Mild,Fungal infection
YWTQVPCVNPGLNLYGMMFESCSYTYEHFWCNHSAQFDCTEMSMNDWDYA,52,Female,Mild,Fungal infection
KKITNVKHIGPKQFDEVGYTSFHPDCFRCCLTPCMEKQLDCVTFQYCKMK,22,Male,Mild,Allergy
ANSFSFRSKDWGIMFDREPFTCPVWLGALLHSCVKKVLLVQFANMYFHNH,64,Female,Moderate,Gastroenteritis
MYNYFSCYHLKGWSPVANMHWWFLTKMQNRKWGAAFSTETRGTVIENHAS,29,Male,Mild,Allergy
MQFRQRMHGHMHDIGWTLTWEKWMCSWQEKCEYNVIAHVSCMVRKKEASW,34,Female,Mild,Allergy
ITGCCMTILKKFTDFGEHNDKKHGIMSPEHLHGSQAADIWHLVWPRYGMS,13,Male,Mild,Allergy
LTRKWRHTIQQWEYIGWSKHCFAPCEVMAQTFKVEWPPHSPDCELCSENP,31,Female,Mild,Healthy
EMQECSCCIIGSTPECFCATSWSIKFTHSEDGQMSQQYNDAYFQYDEGCC,44,Male,Mild,Healthy
AEVHWFAQGGWVMIFTGKAGHLCLQYTCGACPLCIRHTICLDQGINDMWM,26,Male,Moderate,Chronic cholestasis
VSWDVNEWNSNFFQNMYPPGLHIHCACNMYREFNPVDCRARFHSQSSCCS,32,Female,Severe,Chronic cholestasis
QTSTWPHFPITHHEVKYIKRKFKTQCAPDMKYCKRVKYNDHFMMDKYENP,19,Male,Mild,Allergy
SMIEMEHELVHIVPMPKYEKWGQLVAYGIYSHAKFASWRHMMPALGNTDE,68,Female,Moderate,Gastroenteritis
PNTMVGDAISFPFYGQHTIKKRAFQFTCGVSKQLFKAVRMCDWELWNAEW,80,Male,Mild,Fungal infection
SNMLGRFEQHFLLYFDGCMHFTLWFLDCVVAWNVHPIDEHIDLIYREPWG,69,Female,Mild,Healthy
MVKYFMGPWDCPYAHRVTNIRMLSNNGDQELHIKCIYWMLHYPYIIDMTF,21,Male,Mild,Gastroenteritis
FISFPQHDISLKDQMSEGDIRPEHATTNAHDKYSCQGFPRSNLTEGEPFP,52,Female,Moderate,Diabetes
QWETYIDNFATQRGLKKDWVMFRKFRQERHIGWTINFDAHIQNNQQCDCD,32,Male,Mild,Healthy
NGELYMYVFWHGEGLFYQDSDEWGYFMTTKHSMKNIAIWMPWQFTSLPAQ,60,Female,Mild,Healthy
IFHCAFPDFMKQPIREIPPVRWMSSEHYDEACGTQCQYAWATAEVHWTVT,46,Male,Moderate,Chronic cholestasis
IRHTVMECNRLYYISPIGMQDPDTANDMEWPESKVEYLGHAQPRQGDMAW,53,Female,Moderate,Fungal infection
CAKWWLMWGVTHMDNTGAYGYWERCTWDYEFYKADALDGMSWYYRVTHRA,30,Female,Mild,Fungal infection
RKHCDCQKGVFVNLYHCYMSAVLMTQGVCQDPAYFWYFKQCLEQPQKVVT,67,Female,Moderate,Diabetes
IVMCDKYDYKWVRLLMMHGEWAFMGDWIVQCKIRMYPTDTPPSRWRPWGN,85,Male,Moderate,Diabetes
RNMRRIKLHYEWNMMAMPPIGALCYASYIAKIMMIGQFMLMAMHRQSMAY,76,Female,Mild,Healthy
TFEFSMDIQKFPDSDCKPLHIKAYAQTWRNDCAFCYIAFYPEGHVTMQDG,31,Male,Mild,Allergy
YEMQKFYCGAAEIAEFVKDKCMAPCGALVNTNCATGSLAINTRFVPEVQI,83,Female,Severe,Chronic cholestasis
NGAGDHIIQQTHLMNQNPMVNATAHQNGDHMHSYHGQKSVPVHIMRINTA,59,Male,Mild,Chronic cholestasis
EYTEDFYPAITGVGLTETKMDDCLNWVQMQNQYWKRFGFPRNMGVPDTNG,62,Female,Mild,Healthy
EMDVTCKHQAWFNPWSRTCANTSPWWNGTKHDQTRTCYTSIVHETPLYNG,79,Male,Severe,Gastroenteritis
RVISQNKVPPMSVHSQCKWCDSHKYAQRYEGPEPGVITHHWPACNANGLA,11,Male,Mild,Allergy
VVVSVDHHSLYKADRQGWAFVGRSQMNTWGWYTNQTKENHDFLHGLCYVK,23,Female,Mild,Healthy
TWMHWIMNPCGAFFLRKDDLRWDGHHIHIHTHDCRHRIRYRKPYYGQTSL,24,Male,Mild,Allergy
PKWTAGHHPNEPAETLDNRLYKHGYVDLDFMNLGVGIGEQWSWPMFRFVE,17,Male,Mild,Allergy
KYTKQFHGHDYCPYDWIYWPDLAWVYFWGDLNINHMSWYYHKMMCQDATR,17,Female,Mild,Allergy
WFPRNDEKPELPDRTEWHPGMWPYVHVFHVGFPPLHPQMVVQNIAHWDAA,47,Male,Mild,Healthy
FATVPWCKIFQTNSVYQMMHMSYIVLLTGFPHNSSNDPNWREFAQYSPHE,79,Male,Moderate,Chronic cholestasis
WAIRDVFAASPQMEIDEMPVYSQVSEHTDRLFVAWCKNWIVVHKFAHPHR,79,Male,Mild,Chronic cholestasis
NRNPTTPQWLMNMPVKCQELPAGIRYNIILQFRTFFPWEAKFTSHKKVQC,26,Female,Mild,Allergy
EVLTHVRICIMRIYEESQILMYQTDQATPLKISFMEETWENDMCQEPSRV,44,Male,Moderate,Gastroenteritis
ACILKAWGHPGTQDHKRVVEIKFAGNFKWHQVFCYWRFGQIDQHYDHSVW,79,Female,Moderate,Fungal infection
WFPYKLSGDHQKCDGSRPEFHPEAHPQLRMPRKMICSRNAREPQLAAYSF,20,Male,Mild,Healthy
ICDPASRLEKECAINGPQHCFEWFAKNFYLLTPERPVMQSNMRFEMQDQM,87,Male,Moderate,Fungal infection
TLYKIQKYLRHYGMQIDLSMPTYADYPRFMPWHSGSLFRMYMKYKCKACY,89,Male,Mild,Gastroenteritis
EDKEGDHECCSVPKAAQKVPKWIAKMPNRCGNGMSCYICQCNSTEIGYEI,44,Female,Mild,Healthy
LDSMRHILFQAYQPFDDYMRIRFLHLDPQKSRTNIQNPWTIEECLQNHAR,21,Male,Mild,Allergy
SCNLFICQPEFKFNFTRLHWWWTCTGAPCYACMYHHVFRTWMRNPLGNYM,79,Male,Moderate,Chronic cholestasis
ASMAWSHRHTWTLNGNYYAYMITRIGADDNTGQGAAYEGARYQYYPEMNV,54,Female,Moderate,Fungal infection
GHHSDHWCGVGYDHGEFAIINEQTQHLGPPRWIFETISLIKFENGVPGMP,68,Male,Severe,Diabetes
VMQAFLGWFMNAFIDRNTEWWQVAESVLGMDQYIHFQDGMPGVRRCYQPM,86,Female,Severe,Diabetes
GNMDDPVCILLCHHEVSFESTVMNNIYFHNNDNAVKTVSYNHIDFHYEFY,41,Female,Mild,Gastroenteritis
HYVLTTEGWVKMATLFDVRYDASREDEYPNENHGAGIQPLGEYSCAHFNR,29,Male,Mild,Allergy
LKEEGHMVYPKHLMSLSYANSEWGAPGFISPLAYWYKFECHDNVVRMSLG,49,Female,Moderate,Fungal infection
FSVNCSPEWPFAHLVCLNSWFEKVELRQCAPKKPIDNFAELITMVKRCLE,35,Male,Mild,Allergy
MTFFWQVYGPGMPSCFGVFFNMGAARTPPIMCGYQSGIRARLIASKMAHM,79,Female,Mild,Fungal infection
HTYGYLYYYLFWCFIHMILTWLDIHKIKRTWILAAYTFIAPYLDGYCCAR,75,Female,Mild,Gastroenteritis
SMKNRYSSSKEHIHTMHQMAIVYLTDFMMPNIWFMHLVWTSQALGIQDYS,69,Male,Moderate,Gastroenteritis
QCIYLLEVILGKTYIWAYNFQAYPWCNYSVASWHNDPAHLDAIRGWLFTP,83,Female,Moderate,Diabetes
WDKDVQMNQDYHMWHSTLDHQVINNWMLIIEMTEGPKFLEHDMCPPAFIA,33,Female,Mild,Allergy
PDGPDVPIVYEVEWIDLKSFRQWKRGDYCRCLSTDNNLCHWVCIQQYVRT,19,Female,Mild,Healthy
TNGPRDMGITMCIGDDAGGFMWMAQLIRANPVQVCGWCPEMFYCEDDMWV,55,Female,Moderate,Diabetes
ETLFAIWQQVMYLVPIQCKQKHNSNDSMPVGPMRQRRIADYQYDGQDRME,34,Female,Mild,Allergy
MMSGCMFHPADKMSSVCCKRRDCVTNFKSCPLMELLMVMYKEERQIIVHH,82,Male,Moderate,Diabetes
WPMRQSLMPVCNCWMQDDHHESCYGLVEPRWCDGHIQHLVYMIQGVDGFV,19,Female,Mild,Healthy
EREETLLVCTDPRTKEGHSMTHGRQFLKKLAEYDLFRTMIPPQVNDRWDR,19,Male,Mild,Chronic cholestasis
GKHWTLPGYQTPIYFWYQMYPAAFWRYWFPMEKGWVDMIIRIFECEETWI,71,Female,Severe,Chronic cholestasis
WPASTGWQYNSVHFRPQPYQDTTHTIEHEAKNEAPAHLCPYKTCNYKQNV,18,Male,Severe,Chronic cholestasis
WIPDWCGMQNKPRTYTEVWKNFNGMIWNMKCNDANVWLYPMHYTQEGSFL,36,Male,Severe,Chronic cholestasis
WQMGNKKLSYVPCNTHIGNCLFHPITGRLAHGRSAIKFCHCFVFRGEAFI,19,Female,Moderate,Fungal infection
CEYVRLNFTCGMTINSGFEEQKECMLEGQLAETHSVCCQVNCWQTSHEIR,70,Female,Mild,Chronic cholestasis
VLEFTWITLLITPASGCLGVCKMTHFCTLCCFRLGWSIVCWNSFCGSDDG,61,Female,Mild,Healthy
NESQASDRSRCFTHKHQEQELKHRFKPRMFRRPLNWCSRNLSCQGHSGLW,49,Male,Moderate,Gastroenteritis
QQLKHNWRHAMDAEEIDAIVSNPPKCYKMLSKFNWCCQIQLSYLAFPREY,87,Female,Moderate,Gastroenteritis
QKCSRFISMSSDWNTQCGMIWQRWHDGRIVELGDCKSGNHDIWGRGLMTK,49,Male,Moderate,Fungal infection
KHGMFHQILQNAKAWPILGYVRPGARGALMDEKSTDQMRMPRCEGQTGVP,85,Male,Severe,Chronic cholestasis
KFPLMNGEDWLWPVSMMHVECACPWQGYLWSQYDYNHLCEGDPSYEAIVI,72,Male,Mild,Chronic cholestasis
SKQQAKIDFNMKKYQRNMAPIAYYTECVFQCIRNYELSKFPRRQAHEPHI,73,Female,Moderate,Chronic cholestasis
WEKDMQAHEPFSWQFHTWFVEIQSMIGTIWMLAMNMPDLGKDSEQGFYSN,71,Female,Moderate,Diabetes
GSGDKPFVSDDFIFDMMMGLHCKALDGFNDTGDRALSPQQVGARYWPIAM,15,Male,Mild,Allergy
FVCSNLIVSSLDDVSDNKRNTRMSHRTQFRNCMLDELTIGAPWRVPLFSR,55,Male,Moderate,Diabetes
LQGNRNEKAKAYVDHIDDEREELVSEDPQFWIFGKSSSMKVMKENHPKCK,25,Female,Mild,Allergy
FCKRHLDHDMQQWIVINWENGKANWWVAGYWYALEGVSYMDELGTATPGQ,87,Male,Mild,Chronic cholestasis
AAMGDWDLKHTQKDTDSTDHANWIVYCTRRGCNDDIFGDKMADLLVCEEQ,28,Female,Moderate,Chronic cholestasis
NCYQCLHHYRHVFQAHELDTNAKAISTQWNVANSHPCCCGIQYRNQHKMW,53,Male,Severe,Diabetes
EMSTWEQERQKIFNKRRNADEQHKMKLVQEMQVTTTTADYAQLLFIGGLR,60,Female,Severe,Diabetes
NMFAKTDKVLHHWKRAWSADTDTLLWWDWNFSERNQEWQSCTCLRFTLDE,39,Male,Mild,Allergy
RVCPYKNMTWNPFHDFRFPDCAHYHNFGFEDDSQCTSDTLGFFLHEVFSF,20,Female,Mild,Gastroenteritis
WFAQKKKEDAMLRLPSACCEVWSQYIQQQTPYRQKYRLTRERQCWTVHPF,39,Male,Mild,Allergy
HWELFRLEDLMHHGDDSWGCAQFQIGIDARVNAIHMVHSLNSIPRMQTEP,80,Female,Severe,Diabetes
DLKDHLLRDSPNLVPWVFEFLSMKMMEMKDWTCRWNRIYLMLLGRCIGGP,53,Female,Mild,Healthy
QSPIKCMGVESGVVCISMKQFLTQAHVRNQDTCPMSAKNLYKTQTISVHS,58,Male,Moderate,Diabetes
CECMMDPGKADHMHTKSAESAEENEEIAWKVNTCEARMFIGNDCYKDVGE,84,Male,Mild,Healthy
SKHHAGVWRLGPWWTNYCQGGGNIDHAFSKMMGFACDSPGRGPDQTYVHT,36,Female,Severe,Fungal infection
HKHDHFDLRHMMAGDQDFYSSFVMQWSTDVNWWMQHKDDWGRDFGAKNQP,52,Male,Moderate,Diabetes
GWDQTKAMFNENMRAGQNQKCQAIWESVILMFDYIVNKEYDRETRQSSRF,88,Female,Severe,Fungal infection
VYLFEFDQAKPNITDFEMRSNFWAADCLGAVQEIENYDIIHKNPKMPTVY,69,Male,Moderate,Gastroenteritis
PELWMHYPMRVLTMTECRRKNFCYVKWIIDMERYRSLVGDTRYTEVYIRP,17,Female,Mild,Allergy
RVRLGFGYAASSTLTSTICMKNLMDKDSTHMTCCDGQQRTLDVSRFFYVD,57,Female,Mild,Healthy
YYYHLSCNDFGIIKPRIQDVQDAHMMMGKQFQLVTEELYVFLPLFAKPSL,14,Female,Mild,Allergy
KVRVVDLHCTTQKCEYQTTSYMHTWCNVVFCKGSCLTYAKASRKVQGIWG,18,Female,Severe,Fungal infection
TIATLTHQHWPGVHYRCQHSWPVTQHMGSWEIVNSAWVRYHNGHQFEGYE,28,Female,Mild,Healthy
